First Name,Last Name,Department,Position,Start Date
Alice,Johnson,Marketing,Marketing Coordinator,1/15/2022
Bob,Williams,Human Resources,HR Generalist,6/1/2021
Carol,Davis,Engineering,Software Engineer,3/20/2023
David,Brown,Sales,Sales Representative,9/10/2022
Eve,Miller,Finance,Financial Analyst,11/5/2021
Frank,Garcia,Customer Service,Customer Support Specialist,7/1/2023
Grace,Rodriguez,Research & Development,Research Scientist,4/25/2022
Henry,Martinez,Operations,Operations Manager,2/14/2021
